Workbook

Sheet Kalkulator
B1: Kalkulator czynszu za automaty vendingowe w szkole
B2: Wpisz liczbę uczniów (żółte pole) – model wylicza minimalną i maksymalną stawkę czynszu netto.
B4: DANE WEJŚCIOWE | C4: Wartość | E4: Wskazówka
B5: Liczba uczniów w szkole | C5: 500 | E5: Wpisz liczbę uczniów (np. z SIO lub strony szkoły).
B6: Typ szkoły | C6: Liceum ogólnokształcące | E6: Wybierz z listy – wpływa na popyt (domyślnie liceum).
B7: Liczba automatów w szkole | C7: 1 | E7: Ile automatów ma stanąć. Czynsz łączny dzielony jest na automaty.
B9: WYNIK (kwoty netto) | C9: MINIMALNA | D9: MAKSYMALNA | E9: Komentarz
B10: Czynsz miesięczny łącznie | C10: =C33 -> 180 | D10: =D33 -> 560 | E10: Stawka za wszystkie automaty w szkole, zł netto / miesiąc nauki.
B11: Stawka wyjściowa do negocjacji / przetargu | C11: =ROUND(AVERAGE(C10:D10)/Założenia!$C$20,0)*Założenia!$C$20 -> 370 | E11: Środek przedziału – rozsądna cena wywoławcza.
B12: Czynsz na 1 automat | C12: =C10/$C$7 -> 180 | D12: =D10/$C$7 -> 560
B13: Czynsz za 1 m² powierzchni | C13: =C12/Założenia!$C$15 -> 180 | D13: =D12/Założenia!$C$15 -> 560 | E13: Przydatne, gdy organ prowadzący określa stawki za m².
B14: Czynsz za rok szkolny | C14: =C10*Założenia!$C$11 -> 1800 | D14: =D10*Założenia!$C$11 -> 5600 | E14: Przy płatności za miesiące nauki (wrzesień–czerwiec).
B15: Odpowiednik przy płatności przez 12 miesięcy | C15: =C14/12 -> 150 | D15: =D14/12 -> 466.66667 | E15: Gdy umowa przewiduje równą ratę także w wakacje.
B16: Ryczałt za energię (doliczany osobno) | C16: =Założenia!$C$16*Założenia!$C$17*$C$7 -> 200 | E16: Wszystkie automaty, zł netto / mies. – jeśli prąd rozliczany poza czynszem.
B17: Sugerowana liczba automatów | C17: =MAX(1,ROUNDUP(D24/Założenia!$C$14,0)) -> 1 | E17: =IF($C$7<C17,"Popyt przekracza wydajność – rozważ "&C17&" automat(y) lub ceny wzrosną ponad model","Liczba automatów wystarczająca") -> Liczba automatów wystarczająca
B18: Udział czynszu w marży brutto operatora | C18: =IFERROR(C10/(C29*Założenia!$C$18),0) -> 0.25454545 | D18: =IFERROR(D10/(D29*Założenia!$C$18),0) -> 0.37710438 | E18: =IF(MAX(C18:D18)>Założenia!$C$19,"UWAGA: czynsz pochłania dużą część marży – ryzyko braku ofert operatorów","OK – stawki realne dla operatora") -> OK – stawki realne dla operatora
B20: SZCZEGÓŁY OBLICZEŃ | C20: Scenariusz MIN | D20: Scenariusz MAX | E20: Opis
B21: Osoby korzystające (uczniowie + personel) | C21: =$C$5*(1+Założenia!$C$9) -> 550 | D21: =C21 -> 550 | E21: Uczniowie powiększeni o personel szkoły.
B22: Współczynnik typu szkoły | C22: =IFERROR(INDEX(Założenia!$C$23:$C$28,MATCH($C$6,Założenia!$B$23:$B$28,0)),1) -> 1 | D22: =C22 -> 1 | E22: Z tabeli w arkuszu Założenia.
B23: Udział kupujących dziennie | C23: =Założenia!C4 -> 0.04 | D23: =Założenia!D4 -> 0.07 | E23: Założenie min / max.
B24: Transakcje dziennie – popyt | C24: =C21*C22*C23 -> 22 | D24: =D21*D22*D23 -> 38.5 | E24: Ile zakupów dziennie wygeneruje szkoła.
B25: Transakcje dziennie – po limicie wydajności | C25: =MIN(C24,$C$7*Założenia!$C$14) -> 22 | D25: =MIN(D24,$C$7*Założenia!$C$14) -> 38.5 | E25: Popyt ograniczony liczbą automatów.
B26: Średnia wartość transakcji brutto | C26: =Założenia!C5 -> 5 | D26: =Założenia!D5 -> 6 | E26: Założenie min / max.
B27: Obrót dzienny brutto | C27: =C25*C26 -> 110 | D27: =D25*D26 -> 231
B28: Obrót miesięczny brutto | C28: =C27*Założenia!$C$10 -> 1980 | D28: =D27*Założenia!$C$10 -> 4158 | E28: × dni nauki w miesiącu.
B29: Obrót miesięczny netto | C29: =C28/(1+Założenia!$C$12) -> 1767.8571 | D29: =D28/(1+Założenia!$C$12) -> 3712.5 | E29: Bez VAT.
B30: Czynsz jako % obrotu netto | C30: =Założenia!C6 -> 0.1 | D30: =Założenia!D6 -> 0.15 | E30: Założenie min / max.
B31: Czynsz wyliczony z obrotu | C31: =C29*C30 -> 176.78571 | D31: =D29*D30 -> 556.875
B32: Próg minimalny (× liczba automatów) | C32: =Założenia!$C$13*$C$7 -> 150 | D32: =Założenia!$C$13*$C$7 -> 150 | E32: Czynsz nie spada poniżej progu.
B33: Czynsz miesięczny łącznie (zaokrąglony) | C33: =ROUND(MAX(C31,C32)/Założenia!$C$20,0)*Założenia!$C$20 -> 180 | D33: =ROUND(MAX(D31,D32,C33)/Założenia!$C$20,0)*Założenia!$C$20 -> 560 | E33: Większa z wartości: z obrotu lub próg.
B36: Legenda i uwagi
B37: Żółte pole, niebieska czcionka | C37: dane do wpisania / założenia, które możesz zmieniać
B38: Zielona czcionka | C38: wartość pobrana z arkusza Założenia
B39: Czarna czcionka | C39: formuły – nie edytuj
B40: Kwoty | C40: netto; do czynszu dolicza się 23% VAT, prąd zwykle jako osobny ryczałt
B41: Metoda | C41: czynsz = obrót netto automatu × % dla szkoły; obrót = osoby × % kupujących × wartość zakupu × dni nauki
B42: Kalibracja | C42: jeśli masz dane z własnych automatów, popraw w Założeniach % kupujących i wartość transakcji
B43: Prawo | C43: sprawdź zarządzenie organu prowadzącego (gmina/powiat) – może narzucać minimalne stawki za m²

Sheet Założenia
B1: Założenia modelu – czynsz za automaty vendingowe w szkołach
B2: Niebieskie wartości to założenia – możesz je zmieniać. Numery [Ź..] odsyłają do arkusza Źródła. Część wartości to szacunki (brak oficjalnych statystyk) – najlepiej skalibruj je na danych z własnych automatów.
B3: Parametr | C3: Min (scenariusz ostrożny) | D3: Max (scenariusz optymistyczny) | E3: Jednostka | F3: Uzasadnienie / źródło
B4: Udział kupujących dziennie (% osób w szkole) | C4: 0.04 | D4: 0.07 | E4: % | F4: SZACUNEK WŁASNY skalibrowany tak, by obrót automatu w szkole ~500 uczniów wynosił ok. 2–4 tys. zł/mies., zgodnie z danymi branżowymi o obrotach automatów [Ź5, Ź6]. Asortyment ograniczony rozporządzeniem MZ (Dz.U. 2026 poz. 197, od 1.09.2026) – brak słodyczy i napojów słodzonych [Ź1, Ź2].
B5: Średnia wartość transakcji brutto | C5: 5 | D5: 6 | E5: zł | F5: Branżowo średni koszyk 5–8 zł [Ź4]; w szkole przyjęto dolną część przedziału (woda, sok, kanapka).
B6: Czynsz jako % obrotu netto automatu | C6: 0.1 | D6: 0.15 | E6: % | F6: Standardowe lokalizacje: 10–20% obrotu [Ź7]; galerie/dworce: 10–15% [Ź8]. Dla szkoły przyjęto 10–15% (sprzedaż tylko 10 mies., ograniczony asortyment).
B8: Parametr wspólny | C8: Wartość | E8: Jednostka | F8: Uzasadnienie / źródło
B9: Personel szkoły jako % liczby uczniów | C9: 0.1 | E9: % | F9: GUS 2024/25: 511 tys. nauczycieli na ok. 5,3 mln uczących się (≈ 9,6%) [Ź9]; obsługa szkoły dodatkowo.
B10: Dni nauki w miesiącu | C10: 18 | E10: dni | F10: Rok 2025/26: 1.09.2025–26.06.2026 = 215 dni roboczych, minus święta, przerwy świąteczne, ferie (10) i dni dyrektorskie (6–10) ≈ 178–182 dni nauki / 10 mies. ≈ 18 [Ź10, wyliczenie własne].
B11: Miesiące nauki w roku szkolnym | C11: 10 | E11: mies. | F11: Wrzesień–czerwiec [Ź10]. W wakacje sprzedaż praktycznie zerowa.
B12: Średnia stawka VAT na asortyment | C12: 0.12 | E12: % | F12: Woda butelkowana 23%, napoje z ≥20% soku, napoje mleczne i żywność 5% [Ź3]. Mix ok. 40% wody / 60% reszty ≈ 12%. Czynsz liczony od obrotu netto.
B13: Minimalny czynsz za 1 automat (próg) | C13: 150 | E13: zł/mies. | F13: Najniższe ceny wywoławcze w przetargach szkolnych: 140 zł/automat (Szczecin 2019) [Ź11]. Sprawdź zarządzenie organu prowadzącego (gmina/powiat) – może określać minimalne stawki.
B14: Maks. liczba transakcji dziennie na 1 automat | C14: 120 | E14: szt./dzień | F14: SZACUNEK WŁASNY (pojemność + kolejki na przerwach). Powyżej – sugerowany kolejny automat.
B15: Powierzchnia zajmowana przez 1 automat | C15: 1 | E15: m² | F15: W przetargach: 1 m² na automat (Szczecin, Białystok) lub 1,5 m² (Opole, Kraków) [Ź12–Ź16, Ź19].
B16: Zużycie energii przez 1 automat | C16: 200 | E16: kWh/mies. | F16: Automat z napojami chłodzonymi: 7–14 kWh/dobę wg BSI [Ź17]; nowoczesne automaty mniej. Przyjęto ok. 6–7 kWh/dobę. Najlepiej: karta katalogowa konkretnego modelu.
B17: Cena energii elektrycznej netto | C17: 1 | E17: zł/kWh | F17: Taryfy 2026: energia ok. 0,50 zł/kWh + dystrybucja 0,25–0,35 + opłaty ≈ 0,8–0,9 zł/kWh netto, z opłatami stałymi ok. 1 zł [Ź18]. Podmień na stawkę z faktury szkoły.
B18: Marża brutto operatora (% obrotu netto) | C18: 0.4 | E18: % | F18: Koszt towaru 50–70% przychodu [Ź7]; marża na napojach 40–60%, przekąskach 30–50% [Ź6]. Przyjęto 40%.
B19: Próg ostrzeżenia: czynsz / marża operatora | C19: 0.4 | E19: % | F19: SZACUNEK WŁASNY: jeśli czynsz pochłania >40% marży, operatorzy mogą nie składać ofert.
B20: Zaokrąglenie stawek do | C20: 10 | E20: zł | F20: Stawki wynikowe zaokrąglane do pełnych 10 zł.
B22: Typ szkoły | C22: Współczynnik popytu | F22: Uzasadnienie (SZACUNKI WŁASNE – brak danych źródłowych)
B23: Szkoła podstawowa | C23: 0.7 | F23: Młodsze dzieci, mniej kieszonkowego, część rodziców zabrania zakupów.
B24: Liceum ogólnokształcące | C24: 1 | F24: Poziom bazowy modelu.
B25: Technikum | C25: 1.05 | F25: Dłuższe dni zajęć (więcej godzin w szkole).
B26: Szkoła branżowa | C26: 0.95 | F26: Część zajęć praktycznych poza szkołą.
B27: Zespół szkół | C27: 0.95 | F27: Mieszany profil uczniów.
B28: Szkoła policealna / dla dorosłych | C28: 1.1 | F28: Dorośli słuchacze, wyższa siła nabywcza.

Sheet Tabela
A1: Tabela stawek czynszu wg liczby uczniów
A2: Typ szkoły (z Kalkulatora): | C2: =Kalkulator!C6 -> Liceum ogólnokształcące | E2: Współczynnik: | F2: =IFERROR(INDEX(Założenia!$C$23:$C$28,MATCH(C2,Założenia!$B$23:$B$28,0)),1) -> 1
A3: Liczba automatów = sugerowana dla danej wielkości szkoły. Kwoty netto, zł / miesiąc nauki.
A5: Liczba uczniów | B5: Sugerowana liczba automatów | C5: Czynsz MIN (łącznie) | D5: Czynsz MAX (łącznie) | E5: Stawka wyjściowa | F5: MIN na 1 automat | G5: MAX na 1 automat
A6: 50 | B6: =MAX(1,ROUNDUP(A6*(1+Założenia!$C$9)*$F$2*Założenia!$D$4/Założenia!$C$14,0)) -> 1 | C6: =ROUND(MAX(MIN(A6*(1+Założenia!$C$9)*$F$2*Założenia!$C$4,B6*Założenia!$C$14)*Założenia!$C$5*Założenia!$C$10/(1+Założenia!$C$12)*Założenia!$C$6,Założenia!$C$13*B6)/Założenia!$C$20,0)*Założenia!$C$20 -> 150 | D6: =ROUND(MAX(MIN(A6*(1+Założenia!$C$9)*$F$2*Założenia!$D$4,B6*Założenia!$C$14)*Założenia!$D$5*Założenia!$C$10/(1+Założenia!$C$12)*Założenia!$D$6,Założenia!$C$13*B6)/Założenia!$C$20,0)*Założenia!$C$20 -> 150 | E6: =ROUND(AVERAGE(C6:D6)/Założenia!$C$20,0)*Założenia!$C$20 -> 150 | F6: =C6/B6 -> 150 | G6: =D6/B6 -> 150
A7: 100 | B7: =MAX(1,ROUNDUP(A7*(1+Założenia!$C$9)*$F$2*Założenia!$D$4/Założenia!$C$14,0)) -> 1 | C7: =ROUND(MAX(MIN(A7*(1+Założenia!$C$9)*$F$2*Założenia!$C$4,B7*Założenia!$C$14)*Założenia!$C$5*Założenia!$C$10/(1+Założenia!$C$12)*Założenia!$C$6,Założenia!$C$13*B7)/Założenia!$C$20,0)*Założenia!$C$20 -> 150 | D7: =ROUND(MAX(MIN(A7*(1+Założenia!$C$9)*$F$2*Założenia!$D$4,B7*Założenia!$C$14)*Założenia!$D$5*Założenia!$C$10/(1+Założenia!$C$12)*Założenia!$D$6,Założenia!$C$13*B7)/Założenia!$C$20,0)*Założenia!$C$20 -> 150 | E7: =ROUND(AVERAGE(C7:D7)/Założenia!$C$20,0)*Założenia!$C$20 -> 150 | F7: =C7/B7 -> 150 | G7: =D7/B7 -> 150
A8: 150 | B8: =MAX(1,ROUNDUP(A8*(1+Założenia!$C$9)*$F$2*Założenia!$D$4/Założenia!$C$14,0)) -> 1 | C8: =ROUND(MAX(MIN(A8*(1+Założenia!$C$9)*$F$2*Założenia!$C$4,B8*Założenia!$C$14)*Założenia!$C$5*Założenia!$C$10/(1+Założenia!$C$12)*Założenia!$C$6,Założenia!$C$13*B8)/Założenia!$C$20,0)*Założenia!$C$20 -> 150 | D8: =ROUND(MAX(MIN(A8*(1+Założenia!$C$9)*$F$2*Założenia!$D$4,B8*Założenia!$C$14)*Założenia!$D$5*Założenia!$C$10/(1+Założenia!$C$12)*Założenia!$D$6,Założenia!$C$13*B8)/Założenia!$C$20,0)*Założenia!$C$20 -> 170 | E8: =ROUND(AVERAGE(C8:D8)/Założenia!$C$20,0)*Założenia!$C$20 -> 160 | F8: =C8/B8 -> 150 | G8: =D8/B8 -> 170
A9: 200 | B9: =MAX(1,ROUNDUP(A9*(1+Założenia!$C$9)*$F$2*Założenia!$D$4/Założenia!$C$14,0)) -> 1 | C9: =ROUND(MAX(MIN(A9*(1+Założenia!$C$9)*$F$2*Założenia!$C$4,B9*Założenia!$C$14)*Założenia!$C$5*Założenia!$C$10/(1+Założenia!$C$12)*Założenia!$C$6,Założenia!$C$13*B9)/Założenia!$C$20,0)*Założenia!$C$20 -> 150 | D9: =ROUND(MAX(MIN(A9*(1+Założenia!$C$9)*$F$2*Założenia!$D$4,B9*Założenia!$C$14)*Założenia!$D$5*Założenia!$C$10/(1+Założenia!$C$12)*Założenia!$D$6,Założenia!$C$13*B9)/Założenia!$C$20,0)*Założenia!$C$20 -> 220 | E9: =ROUND(AVERAGE(C9:D9)/Założenia!$C$20,0)*Założenia!$C$20 -> 190 | F9: =C9/B9 -> 150 | G9: =D9/B9 -> 220
A10: 250 | B10: =MAX(1,ROUNDUP(A10*(1+Założenia!$C$9)*$F$2*Założenia!$D$4/Założenia!$C$14,0)) -> 1 | C10: =ROUND(MAX(MIN(A10*(1+Założenia!$C$9)*$F$2*Założenia!$C$4,B10*Założenia!$C$14)*Założenia!$C$5*Założenia!$C$10/(1+Założenia!$C$12)*Założenia!$C$6,Założenia!$C$13*B10)/Założenia!$C$20,0)*Założenia!$C$20 -> 150 | D10: =ROUND(MAX(MIN(A10*(1+Założenia!$C$9)*$F$2*Założenia!$D$4,B10*Założenia!$C$14)*Założenia!$D$5*Założenia!$C$10/(1+Założenia!$C$12)*Założenia!$D$6,Założenia!$C$13*B10)/Założenia!$C$20,0)*Założenia!$C$20 -> 280 | E10: =ROUND(AVERAGE(C10:D10)/Założenia!$C$20,0)*Założenia!$C$20 -> 220 | F10: =C10/B10 -> 150 | G10: =D10/B10 -> 280
A11: 300 | B11: =MAX(1,ROUNDUP(A11*(1+Założenia!$C$9)*$F$2*Założenia!$D$4/Założenia!$C$14,0)) -> 1 | C11: =ROUND(MAX(MIN(A11*(1+Założenia!$C$9)*$F$2*Założenia!$C$4,B11*Założenia!$C$14)*Założenia!$C$5*Założenia!$C$10/(1+Założenia!$C$12)*Założenia!$C$6,Założenia!$C$13*B11)/Założenia!$C$20,0)*Założenia!$C$20 -> 150 | D11: =ROUND(MAX(MIN(A11*(1+Założenia!$C$9)*$F$2*Założenia!$D$4,B11*Założenia!$C$14)*Założenia!$D$5*Założenia!$C$10/(1+Założenia!$C$12)*Założenia!$D$6,Założenia!$C$13*B11)/Założenia!$C$20,0)*Założenia!$C$20 -> 330 | E11: =ROUND(AVERAGE(C11:D11)/Założenia!$C$20,0)*Założenia!$C$20 -> 240 | F11: =C11/B11 -> 150 | G11: =D11/B11 -> 330
A12: 400 | B12: =MAX(1,ROUNDUP(A12*(1+Założenia!$C$9)*$F$2*Założenia!$D$4/Założenia!$C$14,0)) -> 1 | C12: =ROUND(MAX(MIN(A12*(1+Założenia!$C$9)*$F$2*Założenia!$C$4,B12*Założenia!$C$14)*Założenia!$C$5*Założenia!$C$10/(1+Założenia!$C$12)*Założenia!$C$6,Założenia!$C$13*B12)/Założenia!$C$20,0)*Założenia!$C$20 -> 150 | D12: =ROUND(MAX(MIN(A12*(1+Założenia!$C$9)*$F$2*Założenia!$D$4,B12*Założenia!$C$14)*Założenia!$D$5*Założenia!$C$10/(1+Założenia!$C$12)*Założenia!$D$6,Założenia!$C$13*B12)/Założenia!$C$20,0)*Założenia!$C$20 -> 450 | E12: =ROUND(AVERAGE(C12:D12)/Założenia!$C$20,0)*Założenia!$C$20 -> 300 | F12: =C12/B12 -> 150 | G12: =D12/B12 -> 450
A13: 500 | B13: =MAX(1,ROUNDUP(A13*(1+Założenia!$C$9)*$F$2*Założenia!$D$4/Założenia!$C$14,0)) -> 1 | C13: =ROUND(MAX(MIN(A13*(1+Założenia!$C$9)*$F$2*Założenia!$C$4,B13*Założenia!$C$14)*Założenia!$C$5*Założenia!$C$10/(1+Założenia!$C$12)*Założenia!$C$6,Założenia!$C$13*B13)/Założenia!$C$20,0)*Założenia!$C$20 -> 180 | D13: =ROUND(MAX(MIN(A13*(1+Założenia!$C$9)*$F$2*Założenia!$D$4,B13*Założenia!$C$14)*Założenia!$D$5*Założenia!$C$10/(1+Założenia!$C$12)*Założenia!$D$6,Założenia!$C$13*B13)/Założenia!$C$20,0)*Założenia!$C$20 -> 560 | E13: =ROUND(AVERAGE(C13:D13)/Założenia!$C$20,0)*Założenia!$C$20 -> 370 | F13: =C13/B13 -> 180 | G13: =D13/B13 -> 560
A14: 600 | B14: =MAX(1,ROUNDUP(A14*(1+Założenia!$C$9)*$F$2*Założenia!$D$4/Założenia!$C$14,0)) -> 1 | C14: =ROUND(MAX(MIN(A14*(1+Założenia!$C$9)*$F$2*Założenia!$C$4,B14*Założenia!$C$14)*Założenia!$C$5*Założenia!$C$10/(1+Założenia!$C$12)*Założenia!$C$6,Założenia!$C$13*B14)/Założenia!$C$20,0)*Założenia!$C$20 -> 210 | D14: =ROUND(MAX(MIN(A14*(1+Założenia!$C$9)*$F$2*Założenia!$D$4,B14*Założenia!$C$14)*Założenia!$D$5*Założenia!$C$10/(1+Założenia!$C$12)*Założenia!$D$6,Założenia!$C$13*B14)/Założenia!$C$20,0)*Założenia!$C$20 -> 670 | E14: =ROUND(AVERAGE(C14:D14)/Założenia!$C$20,0)*Założenia!$C$20 -> 440 | F14: =C14/B14 -> 210 | G14: =D14/B14 -> 670
A15: 700 | B15: =MAX(1,ROUNDUP(A15*(1+Założenia!$C$9)*$F$2*Założenia!$D$4/Założenia!$C$14,0)) -> 1 | C15: =ROUND(MAX(MIN(A15*(1+Założenia!$C$9)*$F$2*Założenia!$C$4,B15*Założenia!$C$14)*Założenia!$C$5*Założenia!$C$10/(1+Założenia!$C$12)*Założenia!$C$6,Założenia!$C$13*B15)/Założenia!$C$20,0)*Założenia!$C$20 -> 250 | D15: =ROUND(MAX(MIN(A15*(1+Założenia!$C$9)*$F$2*Założenia!$D$4,B15*Założenia!$C$14)*Założenia!$D$5*Założenia!$C$10/(1+Założenia!$C$12)*Założenia!$D$6,Założenia!$C$13*B15)/Założenia!$C$20,0)*Założenia!$C$20 -> 780 | E15: =ROUND(AVERAGE(C15:D15)/Założenia!$C$20,0)*Założenia!$C$20 -> 520 | F15: =C15/B15 -> 250 | G15: =D15/B15 -> 780
A16: 800 | B16: =MAX(1,ROUNDUP(A16*(1+Założenia!$C$9)*$F$2*Założenia!$D$4/Założenia!$C$14,0)) -> 1 | C16: =ROUND(MAX(MIN(A16*(1+Założenia!$C$9)*$F$2*Założenia!$C$4,B16*Założenia!$C$14)*Założenia!$C$5*Założenia!$C$10/(1+Założenia!$C$12)*Założenia!$C$6,Założenia!$C$13*B16)/Założenia!$C$20,0)*Założenia!$C$20 -> 280 | D16: =ROUND(MAX(MIN(A16*(1+Założenia!$C$9)*$F$2*Założenia!$D$4,B16*Założenia!$C$14)*Założenia!$D$5*Założenia!$C$10/(1+Założenia!$C$12)*Założenia!$D$6,Założenia!$C$13*B16)/Założenia!$C$20,0)*Założenia!$C$20 -> 890 | E16: =ROUND(AVERAGE(C16:D16)/Założenia!$C$20,0)*Założenia!$C$20 -> 590 | F16: =C16/B16 -> 280 | G16: =D16/B16 -> 890
A17: 900 | B17: =MAX(1,ROUNDUP(A17*(1+Założenia!$C$9)*$F$2*Założenia!$D$4/Założenia!$C$14,0)) -> 1 | C17: =ROUND(MAX(MIN(A17*(1+Założenia!$C$9)*$F$2*Założenia!$C$4,B17*Założenia!$C$14)*Założenia!$C$5*Założenia!$C$10/(1+Założenia!$C$12)*Założenia!$C$6,Założenia!$C$13*B17)/Założenia!$C$20,0)*Założenia!$C$20 -> 320 | D17: =ROUND(MAX(MIN(A17*(1+Założenia!$C$9)*$F$2*Założenia!$D$4,B17*Założenia!$C$14)*Założenia!$D$5*Założenia!$C$10/(1+Założenia!$C$12)*Założenia!$D$6,Założenia!$C$13*B17)/Założenia!$C$20,0)*Założenia!$C$20 -> 1000 | E17: =ROUND(AVERAGE(C17:D17)/Założenia!$C$20,0)*Założenia!$C$20 -> 660 | F17: =C17/B17 -> 320 | G17: =D17/B17 -> 1000
... A21: 2000 | B21: =MAX(1,ROUNDUP(A21*(1+Założenia!$C$9)*$F$2*Założenia!$D$4/Założenia!$C$14,0)) -> 2 | C21: =ROUND(MAX(MIN(A21*(1+Założenia!$C$9)*$F$2*Założenia!$C$4,B21*Założenia!$C$14)*Założenia!$C$5*Założenia!$C$10/(1+Założenia!$C$12)*Założenia!$C$6,Założenia!$C$13*B21)/Założenia!$C$20,0)*Założenia!$C$20 -> 710 | D21: =ROUND(MAX(MIN(A21*(1+Założenia!$C$9)*$F$2*Założenia!$D$4,B21*Założenia!$C$14)*Założenia!$D$5*Założenia!$C$10/(1+Założenia!$C$12)*Założenia!$D$6,Założenia!$C$13*B21)/Założenia!$C$20,0)*Założenia!$C$20 -> 2230 | E21: =ROUND(AVERAGE(C21:D21)/Założenia!$C$20,0)*Założenia!$C$20 -> 1470 | F21: =C21/B21 -> 355 | G21: =D21/B21 -> 1115
A23: Liczby uczniów w kolumnie A możesz zmienić (niebieskie) – stawki przeliczą się same.

Sheet Źródła
A1: Źródła danych i założeń modelu
A2: Stan na 29.10.2026. Numery [Ź..] są przywoływane w arkuszu Założenia. Strony firm vendingowych to materiały branżowe (mogą być optymistyczne) – traktuj je jako orientację, nie dane oficjalne.
A4: Nr | B4: Temat | C4: Co mówi źródło (kluczowe liczby) | D4: Źródło | E4: Data | F4: Link | G4: Jak użyto w modelu / uwagi
A5: Ź1 | B5: Asortyment w szkołach – prawo | C5: Nowe rozporządzenie MZ z 16.02.2026 w sprawie grup środków spożywczych przeznaczonych do sprzedaży dzieciom i młodzieży w jednostkach systemu oświaty; wchodzi w życie 1.09.2026, uchyla rozporządzenie z 26.07.2016. | D5: Dz.U. 2026 poz. 197 (infor.pl – tekst aktu) | E5: 20.02.2026 | F5: https://www.infor.pl/akt-prawny/DZU.2026.051.0000197,rozporzadzenie-ministra-zdrowia-w-sprawie-grup-srodkow-spozywczych-przeznaczonych-do-sprzedazy-dzieciom-i-mlodziezy-w-jednostkach-systemu-oswiaty-oraz-wymagan-jakie-musza-spelniac-srodki-spozywcze-sto.html | G5: Uzasadnia niższy udział kupujących niż w biurach/galeriach.
A6: Ź2 | B6: Asortyment w automatach szkolnych | C6: Zamknięta lista grup produktów obowiązuje także w automatach vendingowych. Dozwolone m.in.: woda, soki bez dodatku cukru, kanapki, owoce, orzechy, nabiał, gorzka czekolada. Brak zwykłych słodyczy i napojów słodzonych. | D6: PSSE w Turku (gov.pl) | E6: 02.03.2026 | F6: https://www.gov.pl/web/psse-turek/nowe-rozporzadzenie-w-sprawie-zywienia-dzieci-i-mlodziezy-w-szkolach-i-przedszkolach | G6: j.w. – ograniczony asortyment = niższa sprzedaż i niższy średni koszyk.
A7: Ź3 | B7: Stawki VAT | C7: Woda butelkowana – 23%. Napoje z ≥20% soku, napoje mleczne i roślinne – 5%. | D7: Infor.pl / PAP (Księgowość) | E7: 14.09.2026 | F7: https://ksiegowosc.infor.pl/wiadomosci/7511182,23-vat-na-wode-butelkowana-5-vat-na-napoje-gazowane-i-dosladzane-z-dodatkiem-soku-dlaczego-polski-system-podatkowy-dyskryminuje-wode.html | G7: Średni VAT asortymentu przyjęty 12% (mix wody 23% i reszty 5%).
A8: Ź4 | B8: Transakcje i średni koszyk | C8: 40–80 transakcji dziennie (zależnie od lokalizacji), średni koszyk 5–8 zł, koszt towaru ok. 50% przychodu. | D8: VendHub – „Ile można zarobić na automatach vendingowych” | E8: 19.03.2025 | F8: https://www.vendhub.pl/32-ile-mozna-zarobic-na-automatach-vendingowych-przykladowe-kalkulacje/ | G8: Średni koszyk 5–6 zł (dolna część przedziału – szkoła). Dane dotyczą biur/galerii/uczelni, nie szkół.
A9: Ź5 | B9: Zarobki automatu w szkole | C9: Szkoła: ok. 800 zł/mies. (napoje), ok. 1 000 zł/mies. (przekąski); uczelnia: 1 500–1 700 zł/mies. Artykuł nie precyzuje, czy to zysk czy obrót. | D9: automatyvending.waw.pl – „Ile można zarobić na automatach vendingowych” | E9: brak daty | F9: https://automatyvending.waw.pl/ile-mozna-zarobic-na-automatach-vendingowych/ | G9: Kalibracja udziału kupujących (4–7%).
A10: Ź6 | B10: Obroty i marże | C10: Obrót: słabszy punkt 1 000–1 500 zł/mies., ruchliwa lokalizacja 3 000–6 000 zł/mies. Marża brutto: napoje butelkowane 40–60%, przekąski pakowane 30–50%. | D10: zwiadowca.pl – „Czy biznes vendingowy się opłaca” | E10: 06.01.2026 | F10: https://zwiadowca.pl/informacje/czy-sie-oplaca-zarobki-marze | G10: Kalibracja obrotu; marża brutto operatora 40%.
A11: Ź7 | B11: Czynsz / prowizja dla lokalizacji | C11: Dzierżawa w standardowych lokalizacjach 10–20% przychodu, w premium 30–50%; kwotowo często od 200–400 zł/mies. Koszt towaru 50–70% przychodu. Przychód: dobra lokalizacja 800–2 000 zł/mies., uczelnie 3 000–5 000 zł. | D11: nssd.pl – „Automaty vendingowe czy się opłaca” | E11: 10.05.2026 | F11: https://nssd.pl/automaty-vendingowe-czy-sie-oplaca/ | G11: Czynsz 10–15% obrotu netto. Uwaga: składowe kosztów w artykule nie sumują się spójnie.
A12: Ź8 | B12: Czynsz / prowizja dla lokalizacji | C12: Galerie i dworce: zwykle 10–15% obrotu lub 500–1 000 zł/mies.; mniejsze placówki publiczne: 100–300 zł/m². | D12: E-lite – „Ile zysku przynosi automat vendingowy” | E12: 29.01.2026 (akt. 12.02.2026) | F12: https://e-lite.com.pl/ile-zysku-przynosi-automat-vendingowy-kalkulator-rentownosci/ | G12: Potwierdza przedział 10–15% i rząd wielkości kwot.
A13: Ź9 | B13: Personel szkół | C13: Rok szkolny 2024/25: ok. 5,3 mln uczących się, 511 tys. nauczycieli. | D13: GUS – „Polska szkoła w liczbach” (Oświata i wychowanie 2024/2025) | E13: 2025 | F13: https://stat.gov.pl/dla-mediow/informacje-prasowe/polska-szkola-w-liczbach-jak-wyglada-edukacja-w-roku-szkolnym-20242025,36,1.html | G13: Personel = 10% liczby uczniów.
A14: Ź10 | B14: Kalendarz roku szkolnego | C14: Rok 2025/26: 1.09.2025–26.06.2026; dni dyrektorskie: 6 (SP) do 10 (LO, technika). | D14: Forsal.pl | E14: 01.07.2025 | F14: https://forsal.pl/kraj/aktualnosci/artykuly/9830886,wyjatkowo-niekorzystny-uklad-roku-szkolnego-20252026-nie-beda-zadowo.html | G14: Wyliczenie własne: ok. 178–182 dni nauki → 18 dni/mies. przez 10 mies.
A15: Ź11 | B15: Przetarg – szkoła | C15: ZS Łączności w Szczecinie, 2 automaty: cena wywoławcza 140 zł netto/automat/mies., najwyższa oferta 230 zł netto. | D15: BIP Technikum Łączności i Multimediów Cyfrowych w Szczecinie | E15: 09.2019 | F15: https://bip.tlimc.szczecin.pl/index.php?id=30 | G15: Próg minimalny 150 zł. Dane historyczne (2019).
... A25: Ź21 | B25: Przetarg – szkoła (historyczny) | C25: ZSP w Świdwinie: 3 m², do 2 automatów, min. 70 zł netto/m², energia wliczona w czynsz. | D25: BIP ZS w Świdwinie | E25: 21.06.2012 | F25: https://bip.zsswidwin.pl/zamowienia/pokaz/12 | G25: Tylko historycznie – pokazuje wariant z mediami wliczonymi w czynsz.
A27: Porównanie modelu z przetargami
A28: ="Model (typ: "&Kalkulator!C6&", 500 uczniów, 1 automat): "&TEXT(Tabela!C13,"0")&"–"&TEXT(Tabela!D13,"0")&" zł netto/mies., stawka wyjściowa "&TEXT(Tabela!E13,"0")&" zł." -> Model (typ: Liceum ogólnokształcące, 500 uczniów, 1 automat): 180–560 zł netto/mies., stawka wyjściowa 370 zł.
A29: Przetargi szkolne: ceny wywoławcze 140–675 zł/automat (Ź11–Ź15); wylicytowano 230 zł (2019); przetarg z ceną 675 zł/automat nie znalazł najemcy (Ź15). Liczby uczniów tych szkół nie są znane, więc to kontrola rzędu wielkości, a nie dokładna kalibracja.
A31: Założenia bez źródła (szacunki własne – do weryfikacji)
A32: • Udział kupujących dziennie 4–7% – brak publicznych danych; dobrany tak, by obrót był zgodny z Ź5–Ź7.
A33: • Wydajność 120 transakcji dziennie na automat – szacunek (pojemność, kolejki na przerwach).
A34: • Współczynniki typu szkoły (SP 0,70 … policealna 1,10) – szacunek.
A35: • Próg ostrzeżenia 40% marży operatora – szacunek.
A36: • Najlepsza kalibracja: dane sprzedażowe z własnych automatów lub informacje o wylicytowanych stawkach w przetargach w Twoim regionie (BIP szkół / organu prowadzącego).
